-- MySQL dump 10.13  Distrib 5.6.37, for Win64 (x86_64)
--
-- Host: localhost    Database: python
-- ------------------------------------------------------
-- Server version	5.6.37-log

/*!40101 SET @OLD_CHARACTER_SET_CLIENT=@@CHARACTER_SET_CLIENT */;
/*!40101 SET @OLD_CHARACTER_SET_RESULTS=@@CHARACTER_SET_RESULTS */;
/*!40101 SET @OLD_COLLATION_CONNECTION=@@COLLATION_CONNECTION */;
/*!40101 SET NAMES utf8 */;
/*!40103 SET @OLD_TIME_ZONE=@@TIME_ZONE */;
/*!40103 SET TIME_ZONE='+00:00' */;
/*!40014 SET @OLD_UNIQUE_CHECKS=@@UNIQUE_CHECKS, UNIQUE_CHECKS=0 */;
/*!40014 SET @OLD_FOREIGN_KEY_CHECKS=@@FOREIGN_KEY_CHECKS, FOREIGN_KEY_CHECKS=0 */;
/*!40101 SET @OLD_SQL_MODE=@@SQL_MODE, SQL_MODE='NO_AUTO_VALUE_ON_ZERO' */;
/*!40111 SET @OLD_SQL_NOTES=@@SQL_NOTES, SQL_NOTES=0 */;

--
-- Table structure for table `alembic_version`
--

DROP TABLE IF EXISTS `alembic_version`;
/*!40101 SET @saved_cs_client     = @@character_set_client */;
/*!40101 SET character_set_client = utf8 */;
CREATE TABLE `alembic_version` (
  `version_num` varchar(32) NOT NULL,
  PRIMARY KEY (`version_num`)
) ENGINE=InnoDB DEFAULT CHARSET=utf8;
/*!40101 SET character_set_client = @saved_cs_client */;

--
-- Dumping data for table `alembic_version`
--

LOCK TABLES `alembic_version` WRITE;
/*!40000 ALTER TABLE `alembic_version` DISABLE KEYS */;
INSERT INTO `alembic_version` VALUES ('e479b7a899d7');
/*!40000 ALTER TABLE `alembic_version` ENABLE KEYS */;
UNLOCK TABLES;

--
-- Table structure for table `posts`
--

DROP TABLE IF EXISTS `posts`;
/*!40101 SET @saved_cs_client     = @@character_set_client */;
/*!40101 SET character_set_client = utf8 */;
CREATE TABLE `posts` (
  `id` int(11) NOT NULL AUTO_INCREMENT,
  `body` text,
  `timestamp` datetime DEFAULT NULL,
  `author_id` int(11) DEFAULT NULL,
  `body_html` text,
  PRIMARY KEY (`id`),
  KEY `author_id` (`author_id`),
  KEY `ix_posts_timestamp` (`timestamp`),
  CONSTRAINT `posts_ibfk_1` FOREIGN KEY (`author_id`) REFERENCES `users` (`id`)
) ENGINE=InnoDB AUTO_INCREMENT=208 DEFAULT CHARSET=utf8;
/*!40101 SET character_set_client = @saved_cs_client */;

--
-- Dumping data for table `posts`
--

LOCK TABLES `posts` WRITE;
/*!40000 ALTER TABLE `posts` DISABLE KEYS */;
INSERT INTO `posts` VALUES (1,'	Calculates the SHA-2 family of hash functions (SHA-224, SHA-256, SHA-384, and SHA-512) (as of Hive 1.3.0). The first argument is the string or binary to be hashed. The second argument indicates the desired bit length of the result, which must have a value of 224, 256, 384, 512, or 0 (which is equivalent to 256). SHA-224 is supported starting from Java 8. If either argument is NULL or the hash length is not one of the permitted values, the return value is NULL. Example: sha2(\'ABC\', 256) = \'b5d4045c3f466fa91fe2cc6abe79232a1a57cdf104f7a26e716e0a1e2789df78\'.','2017-09-20 09:43:16',3,NULL),(2,'要想在服务器上只使用 UTC 时间，一个优雅的解决方案是，把时间单位发送给 web 浏览器，转换称当地时间，然后渲染。web 浏览器可以很好地完成这一任务，因为它能获取用户电脑中的时区和区域设置。','2017-09-20 13:45:15',4,NULL),(3,'Maecenas ut massa quis augue luctus tincidunt. Praesent lectus. Nulla ac enim.','2017-09-04 00:00:00',62,NULL),(4,'Fusce posuere felis sed lacus. Nulla ut erat id mauris vulputate elementum. Quisque id justo sit amet sapien dignissim vestibulum.','2017-09-12 00:00:00',49,NULL),(5,'Nulla tempus. In congue.','2017-09-06 00:00:00',26,NULL),(6,'Suspendisse accumsan tortor quis turpis. Proin eu mi. Vestibulum ante ipsum primis in faucibus orci luctus et ultrices posuere cubilia Curae; Nulla dapibus dolor vel est.','2017-09-08 00:00:00',41,NULL),(7,'Vivamus vel nulla eget eros elementum pellentesque.','2017-09-19 00:00:00',11,NULL),(8,'Ut tellus. Proin eu mi.','2017-09-09 00:00:00',81,NULL),(9,'Nullam porttitor lacus at turpis. Integer ac leo. Donec diam neque, vestibulum eget, vulputate ut, ultrices vel, augue.','2017-09-15 00:00:00',34,NULL),(10,'Integer tincidunt ante vel ipsum.','2017-09-16 00:00:00',46,NULL),(11,'Nam tristique tortor eu pede. Lorem ipsum dolor sit amet, consectetuer adipiscing elit. Aliquam erat volutpat.','2017-09-12 00:00:00',61,NULL),(12,'Quisque arcu libero, rutrum ac, lobortis vel, dapibus at, diam.','2017-09-15 00:00:00',19,NULL),(13,'Curabitur convallis. Nullam varius. Aliquam augue quam, sollicitudin vitae, consectetuer eget, rutrum at, lorem.','2017-09-14 00:00:00',60,NULL),(14,'Praesent blandit. Integer tincidunt ante vel ipsum. Morbi sem mauris, laoreet ut, rhoncus aliquet, pulvinar sed, nisl.','2017-09-04 00:00:00',44,NULL),(15,'Curabitur gravida nisi at nibh. Vestibulum ante ipsum primis in faucibus orci luctus et ultrices posuere cubilia Curae; Nulla dapibus dolor vel est. Curabitur at ipsum ac tellus semper interdum.','2017-09-01 00:00:00',72,NULL),(16,'Nam ultrices, libero non mattis pulvinar, nulla pede ullamcorper augue, a suscipit nulla elit ac nulla. Phasellus in felis. Pellentesque eget nunc.','2017-09-13 00:00:00',90,NULL),(17,'Morbi vestibulum, velit id pretium iaculis, diam erat fermentum justo, nec condimentum neque sapien placerat ante. Duis bibendum.','2017-09-07 00:00:00',92,NULL),(18,'Morbi vel lectus in quam fringilla rhoncus. Maecenas tristique, est et tempus semper, est quam pharetra magna, ac consequat metus sapien ut nunc.','2017-09-14 00:00:00',67,NULL),(19,'Vivamus vel nulla eget eros elementum pellentesque.','2017-09-08 00:00:00',36,NULL),(20,'Donec diam neque, vestibulum eget, vulputate ut, ultrices vel, augue.','2017-08-31 00:00:00',28,NULL),(21,'Pellentesque ultrices mattis odio.','2017-09-10 00:00:00',92,NULL),(22,'Mauris enim leo, rhoncus sed, vestibulum sit amet, cursus id, turpis. Donec ut dolor.','2017-09-09 00:00:00',92,NULL),(23,'Integer tincidunt ante vel ipsum.','2017-09-18 00:00:00',18,NULL),(24,'Vestibulum rutrum rutrum neque. Aliquam non mauris. Maecenas tincidunt lacus at velit.','2017-09-16 00:00:00',82,NULL),(25,'Nunc purus. Etiam vel augue.','2017-09-11 00:00:00',48,NULL),(26,'Morbi non quam nec dui luctus rutrum. Curabitur convallis.','2017-09-14 00:00:00',93,NULL),(27,'Maecenas pulvinar lobortis est.','2017-09-12 00:00:00',38,NULL),(28,'Morbi sem mauris, laoreet ut, rhoncus aliquet, pulvinar sed, nisl. Sed ante.','2017-09-18 00:00:00',78,NULL),(29,'Duis aliquam convallis nunc. Aenean lectus.','2017-09-08 00:00:00',61,NULL),(30,'Aliquam sit amet diam in magna bibendum imperdiet.','2017-09-18 00:00:00',16,NULL),(31,'Pellentesque viverra pede ac diam. Lorem ipsum dolor sit amet, consectetuer adipiscing elit.','2017-09-11 00:00:00',26,NULL),(32,'Maecenas ut massa quis augue luctus tincidunt. Cras in purus eu magna vulputate luctus.','2017-09-04 00:00:00',31,NULL),(33,'Suspendisse ornare consequat lectus. Cras mi pede, malesuada in, imperdiet et, commodo vulputate, justo. Donec vitae nisi.','2017-09-14 00:00:00',67,NULL),(34,'Proin interdum mauris non ligula pellentesque ultrices. Nam dui.','2017-09-03 00:00:00',93,NULL),(35,'Proin interdum mauris non ligula pellentesque ultrices. Duis bibendum, felis sed interdum venenatis, turpis enim blandit mi, in porttitor pede justo eu massa. Proin leo odio, porttitor id, consequat in, consequat ut, nulla.','2017-09-05 00:00:00',66,NULL),(36,'Quisque ut erat.','2017-09-15 00:00:00',72,NULL),(37,'In quis justo. Vestibulum ante ipsum primis in faucibus orci luctus et ultrices posuere cubilia Curae; Duis faucibus accumsan odio.','2017-09-04 00:00:00',37,NULL),(38,'Nulla nisl. Morbi odio odio, elementum eu, interdum eu, tincidunt in, leo.','2017-09-06 00:00:00',35,NULL),(39,'Nunc purus.','2017-09-18 00:00:00',63,NULL),(40,'Donec dapibus.','2017-09-11 00:00:00',71,NULL),(41,'Nullam molestie nibh in lectus. Curabitur in libero ut massa volutpat convallis. Suspendisse potenti.','2017-09-19 00:00:00',104,NULL),(42,'Vivamus in felis eu sapien cursus vestibulum. Aenean auctor gravida sem.','2017-09-08 00:00:00',8,NULL),(43,'Nulla neque libero, convallis eget, eleifend luctus, ultricies eu, nibh. Sed ante.','2017-09-19 00:00:00',41,NULL),(44,'Vestibulum ante ipsum primis in faucibus orci luctus et ultrices posuere cubilia Curae; Mauris viverra diam vitae quam. Maecenas pulvinar lobortis est. Curabitur convallis.','2017-09-10 00:00:00',41,NULL),(45,'Nullam varius.','2017-09-12 00:00:00',41,NULL),(46,'Cras in purus eu magna vulputate luctus.','2017-09-14 00:00:00',60,NULL),(47,'Cras mi pede, malesuada in, imperdiet et, commodo vulputate, justo.','2017-09-11 00:00:00',15,NULL),(48,'Vivamus metus arcu, adipiscing molestie, hendrerit at, vulputate vitae, nisl.','2017-09-15 00:00:00',77,NULL),(49,'Nulla neque libero, convallis eget, eleifend luctus, ultricies eu, nibh.','2017-09-13 00:00:00',6,NULL),(50,'Praesent blandit. Quisque erat eros, viverra eget, congue eget, semper rutrum, nulla. Nam nulla.','2017-09-03 00:00:00',87,NULL),(51,'Proin interdum mauris non ligula pellentesque ultrices.','2017-09-01 00:00:00',20,NULL),(52,'Lorem ipsum dolor sit amet, consectetuer adipiscing elit.','2017-09-03 00:00:00',73,NULL),(53,'Cras in purus eu magna vulputate luctus. In hac habitasse platea dictumst.','2017-09-04 00:00:00',55,NULL),(54,'Praesent blandit. Morbi vel lectus in quam fringilla rhoncus. Nulla tellus.','2017-09-18 00:00:00',14,NULL),(55,'Duis bibendum, felis sed interdum venenatis, turpis enim blandit mi, in porttitor pede justo eu massa. Proin leo odio, porttitor id, consequat in, consequat ut, nulla.','2017-09-04 00:00:00',43,NULL),(56,'Etiam pretium iaculis justo. Curabitur in libero ut massa volutpat convallis.','2017-09-03 00:00:00',36,NULL),(57,'Nulla justo. Sed ante. Vivamus vestibulum sagittis sapien.','2017-09-08 00:00:00',12,NULL),(58,'Donec vitae nisi. Proin interdum mauris non ligula pellentesque ultrices.','2017-09-12 00:00:00',78,NULL),(59,'Integer ac leo. Morbi sem mauris, laoreet ut, rhoncus aliquet, pulvinar sed, nisl.','2017-09-09 00:00:00',33,NULL),(60,'Integer aliquet, massa id lobortis convallis, tortor risus dapibus augue, vel accumsan tellus nisi eu orci. Vestibulum sed magna at nunc commodo placerat. Nullam molestie nibh in lectus.','2017-09-10 00:00:00',66,NULL),(61,'Vestibulum ante ipsum primis in faucibus orci luctus et ultrices posuere cubilia Curae; Nulla dapibus dolor vel est. In hac habitasse platea dictumst. Nam tristique tortor eu pede.','2017-08-31 00:00:00',51,NULL),(62,'Sed accumsan felis. Morbi vestibulum, velit id pretium iaculis, diam erat fermentum justo, nec condimentum neque sapien placerat ante.','2017-09-12 00:00:00',25,NULL),(63,'Donec ut dolor. Vestibulum ante ipsum primis in faucibus orci luctus et ultrices posuere cubilia Curae; Donec pharetra, magna vestibulum aliquet ultrices, erat tortor sollicitudin mi, sit amet lobortis sapien sapien non mi.','2017-08-31 00:00:00',58,NULL),(64,'Cras non velit nec nisi vulputate nonummy.','2017-09-18 00:00:00',99,NULL),(65,'Nulla tempus. Morbi quis tortor id nulla ultrices aliquet. Nam nulla.','2017-09-10 00:00:00',43,NULL),(66,'Proin eu mi. Maecenas pulvinar lobortis est.','2017-09-04 00:00:00',75,NULL),(67,'Vestibulum ante ipsum primis in faucibus orci luctus et ultrices posuere cubilia Curae; Mauris viverra diam vitae quam. Maecenas pulvinar lobortis est.','2017-09-03 00:00:00',47,NULL),(68,'In tempor, turpis nec euismod scelerisque, quam turpis adipiscing lorem, vitae mattis nibh ligula nec sem. Pellentesque eget nunc.','2017-09-09 00:00:00',86,NULL),(69,'Suspendisse potenti. Integer tincidunt ante vel ipsum. Phasellus id sapien in sapien iaculis congue.','2017-09-10 00:00:00',20,NULL),(70,'Morbi a ipsum. Morbi sem mauris, laoreet ut, rhoncus aliquet, pulvinar sed, nisl.','2017-09-01 00:00:00',19,NULL),(71,'Mauris lacinia sapien quis libero. Nam congue, risus semper porta volutpat, quam pede lobortis ligula, sit amet eleifend pede libero quis orci.','2017-09-16 00:00:00',4,NULL),(72,'Lorem ipsum dolor sit amet, consectetuer adipiscing elit. Morbi sem mauris, laoreet ut, rhoncus aliquet, pulvinar sed, nisl. Morbi odio odio, elementum eu, interdum eu, tincidunt in, leo.','2017-09-17 00:00:00',21,NULL),(73,'Phasellus sit amet erat. Donec dapibus.','2017-09-03 00:00:00',20,NULL),(74,'Proin leo odio, porttitor id, consequat in, consequat ut, nulla. Morbi sem mauris, laoreet ut, rhoncus aliquet, pulvinar sed, nisl. In hac habitasse platea dictumst.','2017-09-09 00:00:00',5,NULL),(75,'In sagittis dui vel nisl. Pellentesque ultrices mattis odio.','2017-09-08 00:00:00',27,NULL),(76,'Donec dapibus. Suspendisse ornare consequat lectus. Nulla suscipit ligula in lacus.','2017-08-31 00:00:00',50,NULL),(77,'Vestibulum quam sapien, varius ut, blandit non, interdum in, ante. Etiam vel augue. Morbi a ipsum.','2017-09-01 00:00:00',91,NULL),(78,'Maecenas tristique, est et tempus semper, est quam pharetra magna, ac consequat metus sapien ut nunc. Morbi vel lectus in quam fringilla rhoncus. Vivamus vestibulum sagittis sapien.','2017-09-19 00:00:00',78,NULL),(79,'Nullam orci pede, venenatis non, sodales sed, tincidunt eu, felis. Etiam justo. Nulla ut erat id mauris vulputate elementum.','2017-09-16 00:00:00',91,NULL),(80,'Etiam vel augue.','2017-09-03 00:00:00',16,NULL),(81,'Morbi sem mauris, laoreet ut, rhoncus aliquet, pulvinar sed, nisl.','2017-09-13 00:00:00',88,NULL),(82,'Nulla suscipit ligula in lacus. Suspendisse potenti.','2017-09-09 00:00:00',47,NULL),(83,'Cum sociis natoque penatibus et magnis dis parturient montes, nascetur ridiculus mus. Pellentesque viverra pede ac diam. Nulla suscipit ligula in lacus.','2017-09-12 00:00:00',46,NULL),(84,'In sagittis dui vel nisl. Suspendisse potenti. Mauris enim leo, rhoncus sed, vestibulum sit amet, cursus id, turpis.','2017-09-08 00:00:00',51,NULL),(85,'Cras mi pede, malesuada in, imperdiet et, commodo vulputate, justo. Integer ac neque.','2017-09-13 00:00:00',58,NULL),(86,'Vivamus tortor. Praesent blandit lacinia erat.','2017-09-05 00:00:00',9,NULL),(87,'Integer pede justo, lacinia eget, tincidunt eget, tempus vel, pede. Nulla ut erat id mauris vulputate elementum.','2017-09-11 00:00:00',54,NULL),(88,'Vestibulum ante ipsum primis in faucibus orci luctus et ultrices posuere cubilia Curae; Donec pharetra, magna vestibulum aliquet ultrices, erat tortor sollicitudin mi, sit amet lobortis sapien sapien non mi. Proin risus.','2017-09-11 00:00:00',16,NULL),(89,'In tempor, turpis nec euismod scelerisque, quam turpis adipiscing lorem, vitae mattis nibh ligula nec sem. Nullam varius. Integer ac leo.','2017-09-13 00:00:00',84,NULL),(90,'Etiam justo. Quisque arcu libero, rutrum ac, lobortis vel, dapibus at, diam. Maecenas tristique, est et tempus semper, est quam pharetra magna, ac consequat metus sapien ut nunc.','2017-09-12 00:00:00',60,NULL),(91,'Pellentesque ultrices mattis odio. In quis justo. Nullam varius.','2017-09-10 00:00:00',42,NULL),(92,'Proin interdum mauris non ligula pellentesque ultrices. Mauris sit amet eros. Quisque id justo sit amet sapien dignissim vestibulum.','2017-09-17 00:00:00',49,NULL),(93,'Sed vel enim sit amet nunc viverra dapibus.','2017-09-10 00:00:00',36,NULL),(94,'Duis bibendum.','2017-09-05 00:00:00',73,NULL),(95,'Pellentesque ultrices mattis odio.','2017-09-07 00:00:00',65,NULL),(96,'Nulla facilisi. Cum sociis natoque penatibus et magnis dis parturient montes, nascetur ridiculus mus.','2017-09-03 00:00:00',9,NULL),(97,'Aliquam non mauris. Morbi vestibulum, velit id pretium iaculis, diam erat fermentum justo, nec condimentum neque sapien placerat ante.','2017-09-03 00:00:00',70,NULL),(98,'Aliquam sit amet diam in magna bibendum imperdiet. In est risus, auctor sed, tristique in, tempus sit amet, sem. Curabitur at ipsum ac tellus semper interdum.','2017-09-09 00:00:00',89,NULL),(99,'Nullam porttitor lacus at turpis. Integer ac neque.','2017-09-03 00:00:00',39,NULL),(100,'Morbi porttitor lorem id ligula. In tempor, turpis nec euismod scelerisque, quam turpis adipiscing lorem, vitae mattis nibh ligula nec sem.','2017-09-08 00:00:00',21,NULL),(101,'Aenean auctor gravida sem.','2017-09-18 00:00:00',71,NULL),(102,'Cum sociis natoque penatibus et magnis dis parturient montes, nascetur ridiculus mus. Integer ac leo.','2017-09-10 00:00:00',42,NULL),(103,'In sagittis dui vel nisl.','2017-09-12 00:00:00',64,NULL),(104,'Morbi odio odio, elementum eu, interdum eu, tincidunt in, leo. Fusce congue, diam id ornare imperdiet, sapien urna pretium nisl, ut volutpat sapien arcu sed augue.','2017-09-02 00:00:00',87,NULL),(105,'Aliquam quis turpis eget elit sodales scelerisque. Nulla tempus. Proin interdum mauris non ligula pellentesque ultrices.','2017-09-03 00:00:00',61,NULL),(106,'Sed ante. In hac habitasse platea dictumst. Quisque id justo sit amet sapien dignissim vestibulum.','2017-09-06 00:00:00',50,NULL),(107,'Vestibulum ante ipsum primis in faucibus orci luctus et ultrices posuere cubilia Curae; Duis faucibus accumsan odio. Lorem ipsum dolor sit amet, consectetuer adipiscing elit.','2017-09-06 00:00:00',92,NULL),(108,'Nullam sit amet turpis elementum ligula vehicula consequat. Integer tincidunt ante vel ipsum. Quisque id justo sit amet sapien dignissim vestibulum.','2017-09-06 00:00:00',23,NULL),(109,'Quisque id justo sit amet sapien dignissim vestibulum. Vestibulum sed magna at nunc commodo placerat. Curabitur gravida nisi at nibh.','2017-09-15 00:00:00',55,NULL),(110,'Nullam orci pede, venenatis non, sodales sed, tincidunt eu, felis. Proin at turpis a pede posuere nonummy.','2017-09-09 00:00:00',93,NULL),(111,'Morbi vestibulum, velit id pretium iaculis, diam erat fermentum justo, nec condimentum neque sapien placerat ante. In hac habitasse platea dictumst. Suspendisse potenti.','2017-08-31 00:00:00',31,NULL),(112,'Aenean sit amet justo. Suspendisse accumsan tortor quis turpis. Donec ut dolor.','2017-09-10 00:00:00',52,NULL),(113,'Vivamus vestibulum sagittis sapien. Aliquam non mauris.','2017-09-02 00:00:00',10,NULL),(114,'In congue. Proin interdum mauris non ligula pellentesque ultrices.','2017-09-18 00:00:00',82,NULL),(115,'Sed vel enim sit amet nunc viverra dapibus. Duis at velit eu est congue elementum. Integer pede justo, lacinia eget, tincidunt eget, tempus vel, pede.','2017-09-02 00:00:00',29,NULL),(116,'Duis bibendum. Maecenas tristique, est et tempus semper, est quam pharetra magna, ac consequat metus sapien ut nunc. Morbi non lectus.','2017-09-19 00:00:00',80,NULL),(117,'Cras mi pede, malesuada in, imperdiet et, commodo vulputate, justo. Proin eu mi.','2017-09-04 00:00:00',100,NULL),(118,'In hac habitasse platea dictumst.','2017-09-15 00:00:00',35,NULL),(119,'Ut tellus.','2017-09-15 00:00:00',46,NULL),(120,'Cum sociis natoque penatibus et magnis dis parturient montes, nascetur ridiculus mus.','2017-09-13 00:00:00',77,NULL),(121,'Donec quis orci eget orci vehicula condimentum. Sed vel enim sit amet nunc viverra dapibus.','2017-09-01 00:00:00',3,NULL),(122,'In sagittis dui vel nisl.','2017-09-05 00:00:00',41,NULL),(123,'Aliquam quis turpis eget elit sodales scelerisque. Aliquam augue quam, sollicitudin vitae, consectetuer eget, rutrum at, lorem.','2017-09-03 00:00:00',46,NULL),(124,'Vestibulum rutrum rutrum neque. In hac habitasse platea dictumst.','2017-09-07 00:00:00',53,NULL),(125,'Morbi porttitor lorem id ligula. Pellentesque eget nunc.','2017-09-18 00:00:00',36,NULL),(126,'Maecenas pulvinar lobortis est.','2017-09-18 00:00:00',55,NULL),(127,'Suspendisse accumsan tortor quis turpis.','2017-09-09 00:00:00',45,NULL),(128,'Morbi ut odio. Nam ultrices, libero non mattis pulvinar, nulla pede ullamcorper augue, a suscipit nulla elit ac nulla. In blandit ultrices enim.','2017-09-06 00:00:00',62,NULL),(129,'Nam nulla. Vestibulum ac est lacinia nisi venenatis tristique. Donec diam neque, vestibulum eget, vulputate ut, ultrices vel, augue.','2017-09-17 00:00:00',68,NULL),(130,'Praesent lectus.','2017-09-15 00:00:00',102,NULL),(131,'Nulla ut erat id mauris vulputate elementum. Curabitur at ipsum ac tellus semper interdum. Nulla suscipit ligula in lacus.','2017-09-04 00:00:00',17,NULL),(132,'Cras mi pede, malesuada in, imperdiet et, commodo vulputate, justo. Sed sagittis.','2017-09-06 00:00:00',18,NULL),(133,'Suspendisse potenti. Maecenas rhoncus aliquam lacus. Nullam orci pede, venenatis non, sodales sed, tincidunt eu, felis.','2017-09-02 00:00:00',13,NULL),(134,'#Fusce lacus purus, aliquet at, feugiat non, pretium quis, lectus. Proin risus.','2017-09-14 00:00:00',53,'<h1>Fusce lacus purus, aliquet at, feugiat non, pretium quis, lectus. Proin risus.</h1>'),(135,'Pellentesque eget nunc. Vivamus metus arcu, adipiscing molestie, hendrerit at, vulputate vitae, nisl. Mauris sit amet eros.','2017-09-01 00:00:00',73,NULL),(136,'Cum sociis natoque penatibus et magnis dis parturient montes, nascetur ridiculus mus.','2017-09-10 00:00:00',15,NULL),(137,'Morbi vestibulum, velit id pretium iaculis, diam erat fermentum justo, nec condimentum neque sapien placerat ante.','2017-09-02 00:00:00',27,NULL),(138,'Vivamus vestibulum sagittis sapien. Nam ultrices, libero non mattis pulvinar, nulla pede ullamcorper augue, a suscipit nulla elit ac nulla. Duis ac nibh.','2017-09-05 00:00:00',98,NULL),(139,'Duis ac nibh.','2017-09-12 00:00:00',47,NULL),(140,'In hac habitasse platea dictumst.','2017-09-02 00:00:00',62,NULL),(141,'Etiam faucibus cursus urna. Pellentesque viverra pede ac diam.','2017-08-31 00:00:00',10,NULL),(142,'Nullam molestie nibh in lectus.','2017-09-12 00:00:00',76,NULL),(143,'Nam congue, risus semper porta volutpat, quam pede lobortis ligula, sit amet eleifend pede libero quis orci. Vestibulum rutrum rutrum neque. Vestibulum ante ipsum primis in faucibus orci luctus et ultrices posuere cubilia Curae; Nulla dapibus dolor vel est.','2017-09-16 00:00:00',62,NULL),(144,'Nunc rhoncus dui vel sem. Cum sociis natoque penatibus et magnis dis parturient montes, nascetur ridiculus mus.','2017-09-19 00:00:00',96,NULL),(145,'Nam tristique tortor eu pede. Proin interdum mauris non ligula pellentesque ultrices. Nulla neque libero, convallis eget, eleifend luctus, ultricies eu, nibh.','2017-09-05 00:00:00',31,NULL),(146,'Cras in purus eu magna vulputate luctus.','2017-09-03 00:00:00',16,NULL),(147,'Donec vitae nisi. Vivamus vel nulla eget eros elementum pellentesque.','2017-09-11 00:00:00',83,NULL),(148,'Lorem ipsum dolor sit amet, consectetuer adipiscing elit. Duis bibendum, felis sed interdum venenatis, turpis enim blandit mi, in porttitor pede justo eu massa.','2017-09-07 00:00:00',33,NULL),(149,'Donec quis orci eget orci vehicula condimentum.','2017-09-01 00:00:00',6,NULL),(150,'Suspendisse potenti. Vestibulum ante ipsum primis in faucibus orci luctus et ultrices posuere cubilia Curae; Mauris viverra diam vitae quam.','2017-09-07 00:00:00',56,NULL),(151,'Integer pede justo, lacinia eget, tincidunt eget, tempus vel, pede.','2017-09-11 00:00:00',3,NULL),(152,'Nam congue, risus semper porta volutpat, quam pede lobortis ligula, sit amet eleifend pede libero quis orci. Fusce posuere felis sed lacus. Etiam faucibus cursus urna.','2017-09-08 00:00:00',61,NULL),(153,'Aenean fermentum. Nullam orci pede, venenatis non, sodales sed, tincidunt eu, felis.','2017-09-19 00:00:00',102,NULL),(154,'Donec ut mauris eget massa tempor convallis.','2017-09-06 00:00:00',3,NULL),(155,'Morbi odio odio, elementum eu, interdum eu, tincidunt in, leo.','2017-09-11 00:00:00',5,NULL),(156,'Nunc purus. Aenean sit amet justo. Nullam orci pede, venenatis non, sodales sed, tincidunt eu, felis.','2017-09-08 00:00:00',78,NULL),(157,'Fusce posuere felis sed lacus. Proin at turpis a pede posuere nonummy.','2017-09-13 00:00:00',46,NULL),(158,'In sagittis dui vel nisl.','2017-09-10 00:00:00',78,NULL),(159,'Aenean sit amet justo. Fusce congue, diam id ornare imperdiet, sapien urna pretium nisl, ut volutpat sapien arcu sed augue. In hac habitasse platea dictumst.','2017-09-17 00:00:00',64,NULL),(160,'In hac habitasse platea dictumst. Vestibulum ac est lacinia nisi venenatis tristique. Praesent blandit.','2017-09-19 00:00:00',102,NULL),(161,'Vestibulum rutrum rutrum neque. Nulla nisl. Mauris ullamcorper purus sit amet nulla.','2017-09-19 00:00:00',38,NULL),(162,'Aliquam sit amet diam in magna bibendum imperdiet.','2017-09-02 00:00:00',66,NULL),(163,'Aenean lectus.','2017-09-03 00:00:00',41,NULL),(164,'Vestibulum rutrum rutrum neque. Nulla facilisi. Donec ut dolor.','2017-08-31 00:00:00',40,NULL),(165,'Phasellus in felis.','2017-09-05 00:00:00',4,NULL),(166,'Nam nulla.','2017-09-06 00:00:00',21,NULL),(167,'Integer ac neque. Ut at dolor quis odio consequat varius.','2017-09-10 00:00:00',33,NULL),(168,'Suspendisse ornare consequat lectus. Proin at turpis a pede posuere nonummy.','2017-09-19 00:00:00',71,NULL),(169,'Morbi odio odio, elementum eu, interdum eu, tincidunt in, leo. Aliquam non mauris. Integer non velit.','2017-09-04 00:00:00',93,NULL),(170,'Morbi ut odio. Ut tellus.','2017-09-03 00:00:00',44,NULL),(171,'Curabitur in libero ut massa volutpat convallis. Maecenas rhoncus aliquam lacus.','2017-09-06 00:00:00',48,NULL),(172,'Vestibulum sed magna at nunc commodo placerat. Nulla mollis molestie lorem.','2017-09-13 00:00:00',102,NULL),(173,'Pellentesque viverra pede ac diam. Vestibulum ante ipsum primis in faucibus orci luctus et ultrices posuere cubilia Curae; Mauris viverra diam vitae quam.','2017-09-09 00:00:00',95,NULL),(174,'Fusce consequat.','2017-09-08 00:00:00',11,NULL),(175,'In quis justo.','2017-09-01 00:00:00',38,NULL),(176,'Proin leo odio, porttitor id, consequat in, consequat ut, nulla. Quisque porta volutpat erat. Vestibulum ante ipsum primis in faucibus orci luctus et ultrices posuere cubilia Curae; Mauris viverra diam vitae quam.','2017-09-18 00:00:00',21,NULL),(177,'In hac habitasse platea dictumst. Curabitur convallis.','2017-09-03 00:00:00',93,NULL),(178,'Nam tristique tortor eu pede. Sed sagittis.','2017-09-14 00:00:00',61,NULL),(179,'Duis consequat dui nec nisi volutpat eleifend. Quisque ut erat.','2017-09-03 00:00:00',92,NULL),(180,'Vestibulum rutrum rutrum neque.','2017-09-12 00:00:00',30,NULL),(181,'Lorem ipsum dolor sit amet, consectetuer adipiscing elit.','2017-09-15 00:00:00',22,NULL),(182,'Donec vitae nisi.','2017-09-14 00:00:00',69,NULL),(183,'In hac habitasse platea dictumst. Nulla ac enim. Pellentesque ultrices mattis odio.','2017-09-05 00:00:00',40,NULL),(184,'In eleifend quam a odio.','2017-09-10 00:00:00',62,NULL),(185,'Praesent blandit lacinia erat. Duis bibendum. Proin leo odio, porttitor id, consequat in, consequat ut, nulla.','2017-09-07 00:00:00',20,NULL),(186,'Maecenas leo odio, condimentum id, luctus nec, molestie sed, justo. Duis mattis egestas metus. Maecenas tincidunt lacus at velit.','2017-09-13 00:00:00',56,NULL),(187,'Morbi vestibulum, velit id pretium iaculis, diam erat fermentum justo, nec condimentum neque sapien placerat ante. Aliquam augue quam, sollicitudin vitae, consectetuer eget, rutrum at, lorem.','2017-09-18 00:00:00',9,NULL),(188,'Nulla neque libero, convallis eget, eleifend luctus, ultricies eu, nibh. Pellentesque eget nunc.','2017-09-03 00:00:00',20,NULL),(189,'Duis consequat dui nec nisi volutpat eleifend. Morbi ut odio.','2017-09-13 00:00:00',69,NULL),(190,'Donec posuere metus vitae ipsum.','2017-09-04 00:00:00',11,NULL),(191,'Aliquam non mauris.','2017-09-12 00:00:00',36,NULL),(192,'Suspendisse ornare consequat lectus.','2017-09-14 00:00:00',75,NULL),(193,'Ut at dolor quis odio consequat varius. Etiam justo.','2017-09-15 00:00:00',34,NULL),(194,'Sed ante. Pellentesque at nulla.','2017-09-19 00:00:00',19,NULL),(195,'Maecenas pulvinar lobortis est. Aenean auctor gravida sem.','2017-09-18 00:00:00',76,NULL),(196,'Fusce congue, diam id ornare imperdiet, sapien urna pretium nisl, ut volutpat sapien arcu sed augue. Nulla tellus.','2017-09-08 00:00:00',62,NULL),(197,'Lorem ipsum dolor sit amet, consectetuer adipiscing elit. Proin eu mi.','2017-09-17 00:00:00',50,NULL),(198,'Maecenas rhoncus aliquam lacus.','2017-09-08 00:00:00',77,NULL),(199,'Aliquam erat volutpat. Maecenas tincidunt lacus at velit. Donec vitae nisi.','2017-09-13 00:00:00',74,NULL),(200,'Suspendisse potenti. Duis ac nibh. Fusce congue, diam id ornare imperdiet, sapien urna pretium nisl, ut volutpat sapien arcu sed augue.','2017-09-19 00:00:00',71,NULL),(201,'Vestibulum rutrum rutrum neque. Cras non velit nec nisi vulputate nonummy. Integer ac neque.','2017-09-19 00:00:00',65,NULL),(202,'Nullam sit amet turpis elementum ligula vehicula consequat. Aenean lectus. Nulla tempus.','2017-09-17 00:00:00',19,NULL),(204,'<h1>hello</h1>','2017-09-21 13:44:55',3,NULL),(205,'<h1> hello hang </h1>','2017-09-21 14:04:47',3,'<h1> hello hang </h1>'),(206,'<div><script>alert(\'hang\')</script></div>','2017-09-21 14:08:04',3,'alert(\'hang\')'),(207,'<hang><h1>sdfsdf</h1>','2017-09-21 14:09:02',3,'<p></p><h1>sdfsdf</h1><p></p>');
/*!40000 ALTER TABLE `posts` ENABLE KEYS */;
UNLOCK TABLES;

--
-- Table structure for table `roles`
--

DROP TABLE IF EXISTS `roles`;
/*!40101 SET @saved_cs_client     = @@character_set_client */;
/*!40101 SET character_set_client = utf8 */;
CREATE TABLE `roles` (
  `id` int(11) NOT NULL AUTO_INCREMENT,
  `name` varchar(64) DEFAULT NULL,
  `default` tinyint(1) DEFAULT NULL,
  `permissions` int(11) DEFAULT NULL,
  PRIMARY KEY (`id`),
  UNIQUE KEY `name` (`name`),
  KEY `ix_roles_default` (`default`)
) ENGINE=InnoDB AUTO_INCREMENT=4 DEFAULT CHARSET=utf8;
/*!40101 SET character_set_client = @saved_cs_client */;

--
-- Dumping data for table `roles`
--

LOCK TABLES `roles` WRITE;
/*!40000 ALTER TABLE `roles` DISABLE KEYS */;
INSERT INTO `roles` VALUES (1,'Moderator',0,15),(2,'Administrator',0,255),(3,'User',1,7);
/*!40000 ALTER TABLE `roles` ENABLE KEYS */;
UNLOCK TABLES;

--
-- Table structure for table `users`
--

DROP TABLE IF EXISTS `users`;
/*!40101 SET @saved_cs_client     = @@character_set_client */;
/*!40101 SET character_set_client = utf8 */;
CREATE TABLE `users` (
  `id` int(11) NOT NULL AUTO_INCREMENT,
  `username` varchar(64) DEFAULT NULL,
  `emali` varchar(64) NOT NULL,
  `password_hash` varchar(128) DEFAULT NULL,
  `role_id` int(11) DEFAULT NULL,
  `confirmed` tinyint(1) DEFAULT NULL,
  `about_me` text,
  `last_seen` datetime DEFAULT NULL,
  `location` varchar(128) DEFAULT NULL,
  `member_sinc` datetime DEFAULT NULL,
  `avatar_hash` varchar(32) DEFAULT NULL,
  PRIMARY KEY (`id`),
  UNIQUE KEY `ix_users_username` (`username`),
  KEY `role_id` (`role_id`),
  CONSTRAINT `users_ibfk_1` FOREIGN KEY (`role_id`) REFERENCES `roles` (`id`)
) ENGINE=InnoDB AUTO_INCREMENT=105 DEFAULT CHARSET=utf8;
/*!40101 SET character_set_client = @saved_cs_client */;

--
-- Dumping data for table `users`
--

LOCK TABLES `users` WRITE;
/*!40000 ALTER TABLE `users` DISABLE KEYS */;
INSERT INTO `users` VALUES (3,'hang','shanhaihang@163.com','pbkdf2:sha256:50000$OJD2GuE9$9e3b1d35b16a8219240a17bf437099b1cf288da2a7ddca92f183bc9ec055a80d',2,1,'shuiqi,chongming','2017-09-21 15:43:17','dongguangshijie',NULL,'87bdb145ebfac0ca5c9a16de435ea2d2'),(4,'hai','shanhaihang5@163.com','pbkdf2:sha256:50000$kfyuXjHH$58a84aa7525ad61c9da05de2d5ec92027a80fbe94c0cb11553384e313b0d29c6',3,1,'dongguangshijie_________','2017-09-21 15:44:36','dongguangshijie','2017-09-17 15:40:37',NULL),(5,'johnny94','jane@buzzshare.org','pbkdf2:sha256:50000$HogMiMdl$fd4eedbd473650a083be95fcf5eff203c758a696051cb521340bc3f268796d5b',3,1,'Lorem ipsum dolor sit amet, consectetuer adipiscing elit.','2017-09-20 15:20:37','Costa Mesa','2017-09-07 00:00:00','0b9036afaee3e7bef627c2f6f8417215'),(6,'sharon87','teresa@feedspan.name','pbkdf2:sha256:50000$AkcZsWrF$439b08719cb3333e9378dffd8f0c8b1bb015db6cfc8b7e4ac1e4bec0302a5f8d',3,1,'Aliquam non mauris.','2017-09-20 15:20:37','Port Hueneme','2017-08-31 00:00:00','87e3838ffcee25dc1abbbf16949e04df'),(7,'ruth77','christina@jayo.gov','pbkdf2:sha256:50000$d5ZOPxrg$e4f60f6d59e230c843982047b6d906ce5f5f740ab019a48061657857760deda8',3,1,'Suspendisse potenti.','2017-09-20 15:20:37','Signal Hill','2017-09-13 00:00:00','6aa640899c9fe07567cddd6c90a7327b'),(8,'robin64','kathy@divavu.com','pbkdf2:sha256:50000$V2EsJWik$f5f97dfed1cae4354d4683e60ba399f7d7b6ee48a27ac0c1c771a2eae257ba5a',3,1,'Vestibulum quam sapien, varius ut, blandit non, interdum in, ante.','2017-09-20 15:20:37','Calabasas','2017-09-02 00:00:00','25aec36e84317b9a485e6660793b4c98'),(9,'tammy63','tammy@omba.info','pbkdf2:sha256:50000$9gRiDeFk$ae9b1b1d44cf29f2d2c393a346ee0413030ca18ff65d23ac198608af21652c96',3,1,'Nulla suscipit ligula in lacus.','2017-09-20 15:20:37','Artesia','2017-09-11 00:00:00','e3cd7af80e1f071851e96ca2eced89dc'),(10,'sarah65','diane@tekfly.name','pbkdf2:sha256:50000$2CiPaf4l$8b072c0b0ea8e8ae228be972c3b323914f1989f94e3a31c6fac21d8af8905757',3,1,'Etiam justo.','2017-09-20 15:20:37','Mill Valley','2017-09-13 00:00:00','c4b1742cdb53d2c17abd8882e648fb22'),(11,'anna75','jennifer@buzzster.org','pbkdf2:sha256:50000$t0mP6wnG$a214d3da1799609d909e6c8c2b91f9c1214ab2e3d33025a82388ed3200a27914',3,1,'Nulla ut erat id mauris vulputate elementum.','2017-09-20 15:20:37','Soledad','2017-09-16 00:00:00','4e24c12cf69caf00c203583e15c827c0'),(12,'janice71','heather@twiyo.name','pbkdf2:sha256:50000$6et482i4$44c69125e76df3a3289a511452ade66f59fb9dd266953331c76a609c460b80d0',3,1,'Maecenas tincidunt lacus at velit.','2017-09-20 15:20:37','Lakeport','2017-09-04 00:00:00','59569c896695ded461a18ff76a8927d8'),(13,'janice86','jessica@jabbersphere.info','pbkdf2:sha256:50000$qDKptXCO$e4c0d911b2c32bc5c35759f2936a14bfa512db2c0855bccb46529ecf20976894',3,1,'Nullam varius.','2017-09-20 15:20:37','Bishop','2017-09-17 00:00:00','2eb96dcdafb060f368211b6cecf0d2a3'),(14,'diane91','kathleen@wikizz.com','pbkdf2:sha256:50000$Ms19VU7o$2738591f99d046abdeac502e2882dc2be427b6213e03332cdfb790056d313da7',3,1,'In blandit ultrices enim.','2017-09-20 15:20:37','Solana Beach','2017-09-14 00:00:00','b13615d9f3c683ce0298020223e32000'),(15,'amanda66','louise@oyoloo.edu','pbkdf2:sha256:50000$X9XiuSg3$67185e97d2f370928de0ecf626884b21fc4f3c86718f1f831ad30d84793c9bd0',3,1,'Fusce posuere felis sed lacus.','2017-09-20 15:20:38','Brawley','2017-09-01 00:00:00','f1e29c14330b954f1edcc2809535097f'),(16,'lori67','anne@edgepulse.com','pbkdf2:sha256:50000$DatxEMMr$54aa3490eeb23c7417b02eed0ee2fb0ca29e62935ad44269f239912af1b2596d',3,1,'Cum sociis natoque penatibus et magnis dis parturient montes, nascetur ridiculus mus.','2017-09-20 15:20:38','Piedmont','2017-09-04 00:00:00','648808aa916f0fb1df8f661f3486308c'),(17,'andrea82','tina@voolith.info','pbkdf2:sha256:50000$rg1R6fkm$91d4a14f0699a4907cf1a4c9485b097a8a974948c0660c7b615ae74ef88a4294',3,1,'Quisque erat eros, viverra eget, congue eget, semper rutrum, nulla.','2017-09-20 15:20:38','Burbank','2017-09-08 00:00:00','9c006c5b5b25a63d647ee27a3d61d0f6'),(18,'christina67','deborah@yotz.name','pbkdf2:sha256:50000$3tsAnsPt$7551b41dad6c9ee38231d9927945b36d4d5df47100757117297a112f032d5cf6',3,1,'Nulla facilisi.','2017-09-20 15:20:38','Calipatria','2017-09-15 00:00:00','30cf6a6b39e17f0e6e87bd75aae4d7ae'),(19,'gloria94','karen@ntags.edu','pbkdf2:sha256:50000$y9l8U2wk$1cb1346dfe0f316031fa6b08e470b86688841c1f78056a2d16bfbf392d711395',3,1,'Proin eu mi.','2017-09-20 15:20:38','Oxnard','2017-09-03 00:00:00','3d7ad42fffaa0c1d89953fc450670b10'),(20,'laura90','ruth@photolist.name','pbkdf2:sha256:50000$nNMKGKmN$49d2c3d8028e5d624efa635773eeb891ed3512927ba4e8a2c1ab648d222795b0',3,1,'Suspendisse potenti.','2017-09-20 15:20:38','Hidden Hills','2017-09-17 00:00:00','f73871e784df432a1821d968ddde25aa'),(21,'annie87','cheryl@divape.org','pbkdf2:sha256:50000$2kkkiDao$753c1332b431b3b1a45e4f8335c5852032175e2bb5c85dd69dd10ca3d30a5173',3,1,'Aliquam quis turpis eget elit sodales scelerisque.','2017-09-20 15:20:38','Solana Beach','2017-09-16 00:00:00','b1f130c8837aa2e3060e37e0ff2c958a'),(22,'melissa86','tammy@photobug.net','pbkdf2:sha256:50000$Os5PraVi$dd13874e6a17cbc1b1cfd79fac618c7dde58081be68b3b442db824f254a3799c',3,1,'Nulla ut erat id mauris vulputate elementum.','2017-09-20 15:20:38','Fremont','2017-09-10 00:00:00','3ded20138f63ff982ac0f0b7a44ab0fb'),(23,'kathleen65','phyllis@thoughtbeat.com','pbkdf2:sha256:50000$FDy1hKu1$22bfbd9dd6658b052603c83ef42fbb3950c247b231b346c26f9567df5d66adbb',3,1,'In eleifend quam a odio.','2017-09-20 15:20:38','Greenfield','2017-09-13 00:00:00','2dc2b45459d8438225e7178e85f52337'),(24,'frances71','irene@thoughtstorm.name','pbkdf2:sha256:50000$VUjvKEMU$23751718e005784bb1bc83235417c1504237e2489f1e7e7d94983b4627891db6',3,1,'Morbi ut odio.','2017-09-20 15:20:38','Alturas','2017-09-09 00:00:00','4dccd9e3512540180a96333d7471279a'),(25,'barbara64','ruth@centimia.gov','pbkdf2:sha256:50000$kebHgD8K$484065cfca2eed326ab44ca5d6125f54dbb5e765b9cfbc25b4311ad080f33dc7',3,1,'Proin interdum mauris non ligula pellentesque ultrices.','2017-09-20 15:20:38','Corte Madera','2017-08-31 00:00:00','2b92b06b2de7bf63d586a8d73e0b546c'),(26,'patricia66','kathy@flipopia.gov','pbkdf2:sha256:50000$aUiAB4ac$bec831858e4e10f704e4791fb686ff9de832dbb600f04dd0898e45fac04bed87',3,1,'Suspendisse accumsan tortor quis turpis.','2017-09-20 15:20:38','Burlingame','2017-09-19 00:00:00','e606588760af22cd333ae51e07d992d4'),(27,'katherine88','linda@photojam.com','pbkdf2:sha256:50000$8sYPSYLM$238ef2f2fbb5570211f79c5f73707233faf1929f19597f34401e71a215dbf527',3,1,'Etiam vel augue.','2017-09-20 15:20:38','Modesto','2017-09-05 00:00:00','3344cd95e5243935fc7e4ad8cf9cd878'),(28,'lois85','paula@browsedrive.com','pbkdf2:sha256:50000$54kcxcV4$a553bdef09a67446ddbb0a91764f0d5de7bb4b9d994a4caaaf76334bfef323b9',3,1,'Nulla nisl.','2017-09-20 15:20:38','Portola','2017-09-06 00:00:00','c4e8c4eac6d91bf363b6616a4220efc0'),(29,'deborah92','lois@eare.gov','pbkdf2:sha256:50000$5ulTzypo$dc774f61eeeae76c8916128c9417aaba7fb79cafecab11c7b713c546f68a608e',3,1,'Vestibulum ante ipsum primis in faucibus orci luctus et ultrices posuere cubilia Curae; Donec pharetra, magna vestibulum aliquet ultrices, erat tortor sollicitudin mi, sit amet lobortis sapien sapien non mi.','2017-09-20 15:20:38','Big Bear Lake','2017-09-11 00:00:00','eaf09fd4c529ba400ff4caf8aafcb7f8'),(30,'ashley93','sandra@eazzy.com','pbkdf2:sha256:50000$fjW61lpH$4780e9d3ff169fdd5b405e3cff96c0e0a1b76a5d0b404f544481a2ad90605a7b',3,1,'In hac habitasse platea dictumst.','2017-09-20 15:20:38','Ventura','2017-08-31 00:00:00','084bdbfb5ef41f03c7b9acbdcc8a74da'),(31,'kathy90','janice@gigashots.edu','pbkdf2:sha256:50000$b7okeBx9$c2452137471c797d32a84036fbb2ac7cc889a3e42d2728ff5d7e5aef87cc4212',3,1,'Curabitur convallis.','2017-09-20 15:20:38','Kingsburg','2017-09-14 00:00:00','8dd6da2cb7c403317804d84a68f812ae'),(32,'brenda84','janet@blogtag.com','pbkdf2:sha256:50000$gfKcIy6R$a2fd67d6b674fcdc33d7d54112490cf89b88f413ad4915d6df0822ba3b614b21',3,1,'In hac habitasse platea dictumst.','2017-09-20 15:20:38','Downey','2017-09-02 00:00:00','52bf126f14278280198acefff2994a4f'),(33,'ann74','tammy@mydeo.net','pbkdf2:sha256:50000$JByCGYKO$979de732707e861f67a4103e0a62ed751cf117d3941a940274f8f1d13d68054a',3,1,'Aenean auctor gravida sem.','2017-09-20 15:20:38','Stockton','2017-09-09 00:00:00','98f55ec1303707d5b757585c9ee123e1'),(34,'jennifer76','cynthia@realfire.com','pbkdf2:sha256:50000$BmVdbRgz$b6a5671caa8c85288aaaba27e90dbde61c98e275e54541e8844beb8d1fb71822',3,1,'Aenean fermentum.','2017-09-20 15:20:38','Azusa','2017-09-18 00:00:00','1eb35d4d99ccb6afaacc0f3fcca46ecd'),(35,'karen76','cynthia@chatterpoint.biz','pbkdf2:sha256:50000$kpct1vsd$6082fb4bd10e6dba2065590a49b725f84ebc8084b26d489e96bda2c84b307404',3,1,'Morbi vestibulum, velit id pretium iaculis, diam erat fermentum justo, nec condimentum neque sapien placerat ante.','2017-09-20 15:20:38','Oroville','2017-09-18 00:00:00','56ae912ce0d53e3dfe0f3fe921a79824'),(36,'beverly64','pamela@babbleset.biz','pbkdf2:sha256:50000$sAGoQZ7q$4fc7cfbcd5e5f78a49e8615789936b222c3898a0197051d1e4179febee13160b',3,1,'Mauris enim leo, rhoncus sed, vestibulum sit amet, cursus id, turpis.','2017-09-20 15:20:38','Brentwood','2017-09-19 00:00:00','08c04c8881d3ad2b78d2825cf55751f0'),(37,'judy65','susan@youspan.net','pbkdf2:sha256:50000$Fnc8g6g7$f71ed5622897be27b75fa13ca0c5f5d4754eba663a5fa676a6c26c3772f73fe1',3,1,'Suspendisse ornare consequat lectus.','2017-09-20 15:20:38','Imperial','2017-09-02 00:00:00','e51aed58947ae4fb1839fc3e3f126da6'),(38,'elizabeth84','linda@jayo.edu','pbkdf2:sha256:50000$B2prtOtn$203756d2eb441e3d7394356f41e343b4e27ed1f5f41922e14e4d03060c6133ae',3,1,'Duis bibendum.','2017-09-20 15:20:38','Bellflower','2017-08-31 00:00:00','7a16d0bea0b069bee967c01664f51140'),(39,'denise77','anne@voonte.biz','pbkdf2:sha256:50000$5I3p6nmp$1dae632429afff7856b2348cae1b33f017cf22e54062d184836c2ca77948dee5',3,1,'Ut at dolor quis odio consequat varius.','2017-09-20 15:20:39','Gilroy','2017-09-16 00:00:00','239fdbfc1e5afb271fca133a155f8e49'),(40,'dorothy81','evelyn@chatterbridge.name','pbkdf2:sha256:50000$e96uIZcD$9ca6dd0af6bcd7d04a674ec2eaa8610abf6b0b17c11993b6b2abddad5e4c4fc9',3,1,'Curabitur in libero ut massa volutpat convallis.','2017-09-20 15:20:39','Glendale','2017-09-13 00:00:00','38521346ab599bec0f2a17aeb17b49f0'),(41,'rachel68','deborah@geba.org','pbkdf2:sha256:50000$gPjQAbtE$e95001f1b67cf60b502b60ec9e21bddcb8098c3190ea26e38dfbdb296749eec9',3,1,'Mauris sit amet eros.','2017-09-20 15:20:39','Encinitas','2017-09-12 00:00:00','46854d7164cfeaa3007bfb319803831f'),(42,'jane72','rose@thoughtmix.gov','pbkdf2:sha256:50000$QZY9imiv$2c1123b02eeba5ab8aac0632a02c807fcbf910e1e96d2f907008a30cb020072c',3,1,'In hac habitasse platea dictumst.','2017-09-20 15:20:39','National City','2017-09-10 00:00:00','856ee353f24757121ad975b9bdfbcfff'),(43,'lisa70','mary@tagopia.info','pbkdf2:sha256:50000$FJLBNbt3$3100e06cdf11f8534d22995559eeb46072870a5f874015a8989715b927f78d3a',3,1,'Lorem ipsum dolor sit amet, consectetuer adipiscing elit.','2017-09-20 15:20:39','Patterson','2017-09-15 00:00:00','7fb22c923e171966a854c4dffe762b57'),(44,'jessica86','judith@dynava.mil','pbkdf2:sha256:50000$VYfpgsfl$5773a725f027e7f4398b009622d82c0c56569ceaff04a69fc05a5a2f1eeb62b0',3,1,'Integer ac neque.','2017-09-20 15:20:39','Piedmont','2017-09-16 00:00:00','01a58475d8a5d1f026ffa897450fc833'),(45,'michelle67','tina@meezzy.biz','pbkdf2:sha256:50000$WCSbWWbJ$c96ea46f547c01cb6f953a0e98465d76b2339f2865faa0cd36d6b50ab3cb766d',3,1,'Aenean lectus.','2017-09-20 15:20:39','Tulare','2017-09-15 00:00:00','9b17f8f15f777b768e28bbb8e4245508'),(46,'cynthia79','annie@brightbean.gov','pbkdf2:sha256:50000$TLM6nvrE$0f88f38e9f46432235ed7f24f5f0962455054681e0f8ca922a59ea344bdb962f',3,1,'Donec ut mauris eget massa tempor convallis.','2017-09-20 15:20:39','Point Arena','2017-09-13 00:00:00','20821e297a2b92e9034b3881252b64c2'),(47,'jean92','marie@tambee.gov','pbkdf2:sha256:50000$VkbLrihW$a9a1908df482ac0b5560013463efae187c5465820d8d5080962e94ab205681e3',3,1,'Vestibulum rutrum rutrum neque.','2017-09-20 15:20:39','Norwalk','2017-09-14 00:00:00','5f38a04106e9caec1079c18770271ecf'),(48,'alice90','gloria@rhycero.biz','pbkdf2:sha256:50000$HN2ppHFO$a4b042f8608475ff31acbaf7b63a82619d24e21b6e22a880434fe3fcf95361c5',3,1,'Nulla facilisi.','2017-09-20 15:20:39','Fountain Valley','2017-09-13 00:00:00','a08604f525533a1ee93f5ef76835d21b'),(49,'susan91','louise@kwimbee.net','pbkdf2:sha256:50000$ZgQ5Xe0l$220a65ef4aa822b08e8ce336bd3caee9398e359016e24a83f46af171a7c4df46',3,1,'Proin interdum mauris non ligula pellentesque ultrices.','2017-09-20 15:20:39','Burlingame','2017-09-06 00:00:00','8af98e34b7131a968ce7d29509ad9c95'),(50,'dorothy72','laura@jayo.com','pbkdf2:sha256:50000$VZBEMDaT$35498e26532d556b1abe1a5e33ce88f33733c2ce8804df50607a6456bc63194b',3,1,'Mauris enim leo, rhoncus sed, vestibulum sit amet, cursus id, turpis.','2017-09-20 15:20:39','Willits','2017-09-04 00:00:00','806d61bfaeac62a92b179af094a8aedf'),(51,'kimberly91','janice@edgewire.net','pbkdf2:sha256:50000$3RHkTiRo$ed849a069ac3240f9ef3903e8039d29c81f03aed601e52056f2ac7cc4c6db1c7',3,1,'Suspendisse potenti.','2017-09-20 15:20:39','Montclair','2017-09-01 00:00:00','9d59ef7c6b240ee661f2b7a3f8001d17'),(52,'jane73','cheryl@jabberbean.gov','pbkdf2:sha256:50000$NwcqJ9pA$d3f81f7f265d98e60d8d620d1b813fcc85e1e97b9e81ec964e91bb0d148ea8c2',3,1,'Fusce lacus purus, aliquet at, feugiat non, pretium quis, lectus.','2017-09-20 15:20:39','Benicia','2017-09-19 00:00:00','630e870cea3dc68726f8d6e13e91fa75'),(53,'donna63','alice@flipopia.gov','pbkdf2:sha256:50000$JlYtSE0v$98ddade6f07431a0fae570c069d36c32c6f7df1f3f157edd972777212e64be40',3,1,'Nullam porttitor lacus at turpis.','2017-09-20 15:20:39','Signal Hill','2017-09-02 00:00:00','c75edf5b605feb62c80415c73ddb2e07'),(54,'alice85','doris@wordtune.info','pbkdf2:sha256:50000$tKtk0oEE$161f24e159b7204abf23ff81ce80da4d4e5f33812dd94213e593cf897a18cdfd',3,1,'Vivamus metus arcu, adipiscing molestie, hendrerit at, vulputate vitae, nisl.','2017-09-20 15:20:39','San Jose','2017-09-07 00:00:00','e1d5be6984dc8427610f84573084c2f6'),(55,'christina65','cynthia@meevee.name','pbkdf2:sha256:50000$6sWNunvL$2e569b91de2f157416dcd7555cfd52893b91b7cb867b0cdefa73b6ebabe3eeb8',3,1,'Etiam justo.','2017-09-20 15:20:39','Huron','2017-09-13 00:00:00','ebc4273a747d5a25f0913fba07dfd93f'),(56,'emily89','stephanie@trudoo.biz','pbkdf2:sha256:50000$kfjmP603$c2652826574c9c7e31b9d1462764abc65eaf6ac720347ffee23dcfc058329a93',3,1,'Nulla tellus.','2017-09-20 15:20:39','Ross','2017-09-06 00:00:00','12c189f700ad7f7129b16cb4bdb16398'),(57,'sara75','susan@quimba.info','pbkdf2:sha256:50000$o5rNt9sj$4c650b0e5cac5b3a1f73141dbd1a8ef0388e68e1bfca74c8886292490a0fedbb',3,1,'Ut tellus.','2017-09-20 15:20:39','Barstow','2017-09-15 00:00:00','3f0f29525e5f1f26970ef2dd72addf96'),(58,'kimberly77','andrea@meejo.com','pbkdf2:sha256:50000$JAUlgIFp$d5b5c98a723f935c0e763cf793d6f9832228458501543b400d85a0f3df628d85',3,1,'Quisque ut erat.','2017-09-20 15:20:39','Suisun City','2017-09-01 00:00:00','eb1b7b65aebd0a2693e6fa0e22105884'),(59,'kathryn63','sara@dynabox.org','pbkdf2:sha256:50000$dAyBViOG$14ce3d9a6e32d41a1674dd635927bf1a20297a0a26f28ff8f20f8e0c9f48ff40',3,1,'In hac habitasse platea dictumst.','2017-09-20 15:20:39','Fullerton','2017-09-10 00:00:00','53b923d605cc7ec23604531e5dbd3539'),(60,'donna92','christina@trupe.com','pbkdf2:sha256:50000$nSjcHZqn$645a6a236eea1a16158d0597b8bee6a52fb7c880720dd208b3cb5e7c0f082a37',3,1,'Nulla suscipit ligula in lacus.','2017-09-20 15:20:39','Escondido','2017-08-31 00:00:00','334f4f71b42fb19f488910dd45a7b1b2'),(61,'tina81','kathy@eadel.name','pbkdf2:sha256:50000$Uwyrhbql$cbaec60ccfd45fbdaba1954031f8525e74905f64d09ac29d9ff0758874799672',3,1,'Praesent id massa id nisl venenatis lacinia.','2017-09-20 15:20:39','Fort Jones','2017-09-10 00:00:00','7e28c859137a8d6c7237c881f43063f1'),(62,'phyllis79','nancy@realbridge.mil','pbkdf2:sha256:50000$xOba4LWj$39d5f2368fda45e3bf1bb7ef5227dced897f215958ee9f30c1ec9a3c45c0b1a7',3,1,'Nulla tempus.','2017-09-20 15:20:39','Indian Wells','2017-09-13 00:00:00','b84e0890c603997d803fe4acb4df5e33'),(63,'judith93','sharon@thoughtstorm.info','pbkdf2:sha256:50000$iOETMU9U$f91358b50ee9af94f7eaca26382d594f68766eaf1b3cf46732dfe4a69311d92f',3,1,'In quis justo.','2017-09-20 15:20:40','Brea','2017-09-18 00:00:00','1043abd9f1078f8cd42d4f185cac5b3c'),(64,'doris84','joan@innojam.org','pbkdf2:sha256:50000$ZIJ0m7Kp$430459eaa2ca302cbe642df65fcb91aceb9cfcd99c6f8fee2c56f68bd09ba08b',3,1,'Nullam orci pede, venenatis non, sodales sed, tincidunt eu, felis.','2017-09-20 15:20:40','Menifee','2017-09-15 00:00:00','b6836688f93982ab52a6df665cafcfff'),(65,'joyce84','evelyn@blognation.org','pbkdf2:sha256:50000$8vARn5so$c7d665656718c59c878ed99768d5b3eeeb013606f0d07b0c5d72da7c8217fd3c',3,1,'Suspendisse potenti.','2017-09-20 15:20:40','Yorba Linda','2017-09-05 00:00:00','29d650ba5b31db0058ba4d7fef2efcec'),(66,'theresa69','melissa@quimm.biz','pbkdf2:sha256:50000$k2SQPsPG$44e823b9573e0fcc41bbde246ac854a8fd53c3e3022ad5fde4f143d35016f0f9',3,1,'Nulla mollis molestie lorem.','2017-09-20 15:20:40','Firebaugh','2017-09-19 00:00:00','073739ddb4eb047c2b43fea2605e700b'),(67,'norma84','katherine@kanoodle.com','pbkdf2:sha256:50000$g2YLDrdH$ead91a888cbd79c9ea1a64f00cf18a55ad720de79059cd4e1ba4c47ed0e7d97f',3,1,'Mauris ullamcorper purus sit amet nulla.','2017-09-20 15:20:40','Gardena','2017-09-07 00:00:00','692d391ba53aa02c3f2fa552efca48b4'),(68,'elizabeth75','lois@thoughtstorm.edu','pbkdf2:sha256:50000$bU4V5ZvX$1f56d2319be965e66811eb393e646e2f05089e39b8224cd5fabcddad44ad5716',3,1,'Morbi odio odio, elementum eu, interdum eu, tincidunt in, leo.','2017-09-20 15:20:40','Redlands','2017-09-05 00:00:00','d268a6428e395e300f16e335c40e4b4c'),(69,'rachel91','martha@realcube.org','pbkdf2:sha256:50000$Juj8lnW3$51880abfc8851226158da90dc06af919b64c09259ec28f5477de361bdb9f75a4',3,1,'Morbi vestibulum, velit id pretium iaculis, diam erat fermentum justo, nec condimentum neque sapien placerat ante.','2017-09-20 15:20:40','San Jose','2017-09-10 00:00:00','db10411f20fd5917541a63acd13e5404'),(70,'andrea91','wanda@photobug.com','pbkdf2:sha256:50000$beE0pnWd$94406179f54cd69106d8ddb7ec33f3e9a7bb95893c18b15c297c8b9ea3867906',3,1,'Duis at velit eu est congue elementum.','2017-09-20 15:20:40','Fairfield','2017-09-15 00:00:00','90fd826bdd3cbedbd75a87e009ca94b0'),(71,'tammy89','virginia@jumpxs.org','pbkdf2:sha256:50000$QjD23zrl$b02bea2ca4b33464680a6c47840c0785def7706b3ee0e5479951ebe55753ed1f',3,1,'Integer pede justo, lacinia eget, tincidunt eget, tempus vel, pede.','2017-09-20 15:20:40','San Carlos','2017-09-16 00:00:00','0e6493daccdaad20e193e2f8db7c1231'),(72,'helen85','tammy@eire.org','pbkdf2:sha256:50000$Y2O5x1sK$686be2d691a8644055a3d024e98c08caea2be8f2a8f35f0dc161ebdab6e516d8',3,1,'Proin at turpis a pede posuere nonummy.','2017-09-20 15:20:40','Dos Palos','2017-09-09 00:00:00','e38a222b8bcf9c6f98d2757bd272f169'),(73,'diana89','wanda@wikizz.biz','pbkdf2:sha256:50000$SEXuKp8Y$478dc7c396cc9300217d013705edbdcf5e9bfb4d36fbf33999088900c1ec9567',3,1,'Aliquam sit amet diam in magna bibendum imperdiet.','2017-09-20 15:20:40','Canyon Lake','2017-09-03 00:00:00','d6d1f98280def00772a81079c74c230f'),(74,'arthur81','jacqueline@bubbletube.name','pbkdf2:sha256:50000$uEcChJOV$b207589d4f9304b9f09803ea1e34bbcd5fad20280039c7b845ff5feb26b6c23b',3,1,'Proin at turpis a pede posuere nonummy.','2017-09-20 15:20:40','Nevada City','2017-09-17 00:00:00','5e56c8b1506a055151bb1a94dfb7b04f'),(75,'frances91','carol@layo.edu','pbkdf2:sha256:50000$trEruq1s$26dc27827368c7ffdce193e1e50078790349713a8a95edcaf625309c03844dc2',3,1,'Aliquam sit amet diam in magna bibendum imperdiet.','2017-09-20 15:20:40','Lancaster','2017-09-04 00:00:00','e207ba91cd877da170a64b004afd366f'),(76,'nancy91','ruby@talane.gov','pbkdf2:sha256:50000$eV64fsT3$c7ffe028906fa15ef293f927e72ce533c7abe98013f818cdd0b0e983c4088b87',3,1,'Integer ac neque.','2017-09-20 15:20:40','Farmersville','2017-09-14 00:00:00','4e01a645d75b98cb7cbacb839ce8006b'),(77,'denise87','sarah@babbleset.biz','pbkdf2:sha256:50000$PwNt0Gu3$ccb0dc1caa49d5e8c4389dc2bf98dc3554e067c7266745577a967836c0accf8a',3,1,'Aliquam quis turpis eget elit sodales scelerisque.','2017-09-20 15:20:40','Thousand Oaks','2017-09-08 00:00:00','b637d718c59044d8da8ad890ba59235b'),(78,'lori94','alice@fliptune.gov','pbkdf2:sha256:50000$XcQZaFXC$2c6594ebe60dc007a60035ae4018a239cc88926c7460db02b5b357c12709bdf2',3,1,'Integer non velit.','2017-09-20 15:20:40','Larkspur','2017-09-06 00:00:00','84e8f56531e30b487cc7d0ce2bbeaff6'),(80,'robin88','mildred@skinix.org','pbkdf2:sha256:50000$Nq6mWcK8$6f1c90b02eea4c51fc127635a44845af1ea46fe4e2a46e5b93905ba68ef6cc10',3,1,'Curabitur gravida nisi at nibh.','2017-09-20 15:20:40','Colusa','2017-09-03 00:00:00','9e5d62bed58da4ce9ffdd2a88360b121'),(81,'kathryn86','irene@yoveo.gov','pbkdf2:sha256:50000$EsurhbkP$29a0b5c114ba412e41f50dafb2d6f79addb070d83cf862d62e881cef74d340d6',3,1,'Sed vel enim sit amet nunc viverra dapibus.','2017-09-20 15:20:40','Point Arena','2017-09-11 00:00:00','36240c3f0d0f85dd69d6e21994edf55a'),(82,'marie67','alice@browsetype.com','pbkdf2:sha256:50000$i8KvsSxY$409c9deee8821eef4f38e90ddf69f64fec852f5f03f9bfcc44d582e095c5de7b',3,1,'Praesent blandit lacinia erat.','2017-09-20 15:20:40','Fountain Valley','2017-09-11 00:00:00','80a49a5512e9efe3d4c5579efdb8d1a9'),(83,'heather75','diane@edgeblab.gov','pbkdf2:sha256:50000$OhAuY42j$a60013ac24ae14ba4f7292c89ceff0b94db9926cee9375219d2af1c9a1916850',3,1,'Morbi ut odio.','2017-09-20 15:20:40','La Cañada Flintridge','2017-09-03 00:00:00','90d4135c283cc204f6d672d76e850010'),(84,'melissa68','susan@thoughtbridge.mil','pbkdf2:sha256:50000$rRqn4qir$26296c169da01a4b742959b9eae78e5da198978c57145e37e33d0dc98166a096',3,1,'Nulla ut erat id mauris vulputate elementum.','2017-09-20 15:20:40','Rolling Hills','2017-09-01 00:00:00','b3923c351515702a5b731722a0df85ed'),(85,'denise92','alice@bubblebox.biz','pbkdf2:sha256:50000$vkw4gVQU$165fb513dc14179cb6c0b1705aa5496e9f85848d11b7868ed096d105ac0b7d54',3,1,'Vivamus vel nulla eget eros elementum pellentesque.','2017-09-20 15:20:40','Alhambra','2017-08-31 00:00:00','737e719a7d598348ed24ccff1dc96f52'),(86,'pamela87','julie@gabvine.org','pbkdf2:sha256:50000$7D4MkC4L$48753b7871ee73aa02ce31f8fc4748ae1bacf2a7f5190b804e8d2bad9a519dff',3,1,'Duis consequat dui nec nisi volutpat eleifend.','2017-09-20 15:20:40','Desert Hot Springs','2017-09-16 00:00:00','bb14a1ed50a28098694c06189700e18a'),(87,'tammy90','ruth@tazz.com','pbkdf2:sha256:50000$IqOAZ8oc$ccf2ec0ff7ff60149785ace664e0e2ed8331dde4d78635b0b1f62ac56ad8968e',3,1,'Donec dapibus.','2017-09-20 15:20:41','Sanger','2017-09-15 00:00:00','19b593dcabe7f8e2499cef3c32942789'),(88,'sarah66','carol@brightbean.net','pbkdf2:sha256:50000$a8zNcBSq$0ba875e76dc0865ce20f1d091257877c80973508f72d2c739133e0b79a980f59',3,1,'Etiam faucibus cursus urna.','2017-09-20 15:20:41','Antioch','2017-09-05 00:00:00','bbdd241fb5d12b2887e2473d4e69ba3d'),(89,'amy83','wanda@jaxbean.gov','pbkdf2:sha256:50000$6rl4ht42$09ac2534fb6a061745f98afdf395476de7c7366a9572d458fa0f10e5059116d7',3,1,'Etiam faucibus cursus urna.','2017-09-20 15:20:41','Lake Forest','2017-09-07 00:00:00','c4de3c9fa0159f99bef1d805ccbe7be8'),(90,'linda90','janet@yabox.edu','pbkdf2:sha256:50000$u1tWWJKT$7a0239dd85650e399ba4152df6bb190de4c8b2cb74196c760b3e74a6c268f217',3,1,'Nunc nisl.','2017-09-20 15:20:41','Hemet','2017-09-09 00:00:00','dccfcd6729008a1a22c1fdc76631fe68'),(91,'anne76','annie@eidel.gov','pbkdf2:sha256:50000$M2t7mZkO$7ce7807dc859591e6268097a56ec2134561c14430b944f09c7a346974f4e71aa',3,1,'In hac habitasse platea dictumst.','2017-09-20 15:20:41','Brawley','2017-09-12 00:00:00','409a7fa65f1d12b9c6f4156fd69f9348'),(92,'julie80','diane@dabvine.org','pbkdf2:sha256:50000$T9Z1aT7n$8798e2174d1d38c1b803f30b67c03a534878a5e5a0b43a960894e317ec0141c8',3,1,'Nulla mollis molestie lorem.','2017-09-20 15:20:41','Richmond','2017-09-12 00:00:00','2502aafeda13716f63a4cdd86338f103'),(93,'cheryl78','alice@kimia.mil','pbkdf2:sha256:50000$raHFsrmm$ef7fc25b67145a288894db5888ee1783410167f226b962fe68c0d886cca8863e',3,1,'Sed accumsan felis.','2017-09-20 15:20:41','Martinez','2017-09-16 00:00:00','fa3de84a4abf3603026d2ae700fa5f4a'),(94,'lillian78','debra@aimbu.net','pbkdf2:sha256:50000$s8wQHZFj$c3e3237aa220ac7ab6a967a974fe5c32c8b672a740a3041d384abf071e2d61e9',3,1,'Nulla mollis molestie lorem.','2017-09-20 15:20:41','Brentwood','2017-09-05 00:00:00','3e921ac0a416567b4666296d14b535d4'),(95,'julia86','andrea@voonte.gov','pbkdf2:sha256:50000$uEcI5GZb$1931a56f7a07ac18ebaa14c50be5df079f0788cf22c0be4330587cc7a2f7f71b',3,1,'Aliquam non mauris.','2017-09-20 15:20:41','Daly City','2017-09-17 00:00:00','968a1dd46636e0efe39eced38406d226'),(96,'lois81','tammy@bubblebox.net','pbkdf2:sha256:50000$3re8Vla9$32ebe277adf50942faa37ed06878f916fce26b0a812ad9764c8b6f45af10fb82',3,1,'In quis justo.','2017-09-20 15:20:41','Indian Wells','2017-09-04 00:00:00','3303de19b22d6ab9e27212e953576fb0'),(97,'wanda65','evelyn@linklinks.gov','pbkdf2:sha256:50000$KWjBUEnX$3ccc82e35411fe95e1f454f6a8d95ce297ffed6a20baa41cf41114577f6e2e22',3,1,'Suspendisse accumsan tortor quis turpis.','2017-09-20 15:20:41','Newman','2017-09-18 00:00:00','5cf367dd1a2165bbeeab5eb66abb605b'),(98,'emily76','anna@meetz.biz','pbkdf2:sha256:50000$JiWWq6zO$76fed9f207ac03890d2598525a6efbb50369d2aba211d2d9d7fc2c9bec7c21b6',3,1,'Quisque erat eros, viverra eget, congue eget, semper rutrum, nulla.','2017-09-20 15:20:41','Santa Monica','2017-09-09 00:00:00','5611c66e65ca52b4133d9094b94e9805'),(99,'kathleen92','patricia@bluejam.net','pbkdf2:sha256:50000$Zx4xfdUl$f234afa0b841b1e2f288a10042ce618dd79dded2abc325644022fc839987b659',3,1,'Nullam molestie nibh in lectus.','2017-09-20 15:20:41','Stockton','2017-09-03 00:00:00','503a7384cf5f27fed7aaaad759081934'),(100,'rebecca74','anna@twimm.biz','pbkdf2:sha256:50000$vyDl2UUg$ef2ed51709c78189bc6f92d524838cfa69ea7d090cda8144c049d5923880ee37',3,1,'Vivamus tortor.','2017-09-20 15:20:41','Del Rey Oaks','2017-08-31 00:00:00','196b79c44c4d7dfd461d9e4c58f681ce'),(101,'linda72','ashley@voomm.name','pbkdf2:sha256:50000$CmUDMGg4$1034fc899883f6ffc635057bdd70267cf4fb4a7651a029934e144a6d5c3f78fc',3,1,'Proin interdum mauris non ligula pellentesque ultrices.','2017-09-20 15:20:41','Lancaster','2017-09-08 00:00:00','f89392709582229c735d312328481315'),(102,'mary66','jacqueline@centidel.edu','pbkdf2:sha256:50000$cvkASvr2$e384e8a68604ab4fc28154d17027f3b894e19a1a1a73ef118e8958e6063d0668',3,1,'Lorem ipsum dolor sit amet, consectetuer adipiscing elit.','2017-09-20 15:20:41','Compton','2017-09-03 00:00:00','b98db05365fb8df7accf55dcf7cda42c'),(103,'helen68','nicole@eidel.info','pbkdf2:sha256:50000$Y2HsGcfP$b5d1688f80ae0025236d5560d765bf2dbdc76aae0f4abf56ec900c95720588b6',3,1,'Vestibulum ante ipsum primis in faucibus orci luctus et ultrices posuere cubilia Curae; Donec pharetra, magna vestibulum aliquet ultrices, erat tortor sollicitudin mi, sit amet lobortis sapien sapien non mi.','2017-09-20 15:20:41','Nevada City','2017-09-07 00:00:00','a4965a1896ab6220b6dcad57feb6037a'),(104,'debra80','denise@bubbletube.name','pbkdf2:sha256:50000$0Fnp8YSu$a17249eee7b9a38d50e73b1345ca04616f838fa0fffc678d158d52d9166af6de',3,1,'Quisque id justo sit amet sapien dignissim vestibulum.','2017-09-20 15:20:41','Chula Vista','2017-09-15 00:00:00','e0805f42727ec57746875f8ebdd75fe4');
/*!40000 ALTER TABLE `users` ENABLE KEYS */;
UNLOCK TABLES;
/*!40103 SET TIME_ZONE=@OLD_TIME_ZONE */;

/*!40101 SET SQL_MODE=@OLD_SQL_MODE */;
/*!40014 SET FOREIGN_KEY_CHECKS=@OLD_FOREIGN_KEY_CHECKS */;
/*!40014 SET UNIQUE_CHECKS=@OLD_UNIQUE_CHECKS */;
/*!40101 SET CHARACTER_SET_CLIENT=@OLD_CHARACTER_SET_CLIENT */;
/*!40101 SET CHARACTER_SET_RESULTS=@OLD_CHARACTER_SET_RESULTS */;
/*!40101 SET COLLATION_CONNECTION=@OLD_COLLATION_CONNECTION */;
/*!40111 SET SQL_NOTES=@OLD_SQL_NOTES */;

-- Dump completed on 2017-09-21 23:48:34
